Category,Sales_Importance,Notes
Fresh Foods,Very High,"Top selling category; meat, bakery, produce"
Kirkland Signature Grocery,High,Strong private label performance
Household Essentials,High,"Paper products, cleaning supplies"
Electronics,Medium-High,"Seasonal spikes (TVs, laptops)"
Clothing & Accessories,Medium,"Consistent volume, low margins"
Home & Garden,Medium,"Furniture, outdoor items"
Health & Pharmacy,Medium,"Supplements, prescriptions"
Baby & Pet Products,Medium-High,High repeat purchases
Seasonal & Special Items,Low-Medium,"Holiday items, gold bars, etc."
